time,point
1577443885.0960631, [  529.5892094    -121.14072859  -388.15500927] 
1577443885.1267278, [1398.36286517  -194.31880188    -65.57755748] 
1577443885.1563988, [1254.73817208    -95.58191993      95.51615761] 
1577443885.187803, [1168.13945696    -51.20641402    157.70389604] 
1577443885.2156475, [1050.43519308        3.04507304    193.6094728  ] 
1577443885.246426, [977.00315984    39.97038331  213.79720656] 
1577443885.3077798, [838.64990464    95.63732105  203.4549864  ] 
1577443885.3390095, [693.90216955  136.06288879  163.8547721  ] 
1577443885.3685112, [594.11801439  163.77686823  128.73275481] 
1577443885.3996027, [475.90768951  196.81350019    77.88755048] 
1577443885.4309947, [383.90514255  227.54737595    29.10768289] 
1577443885.811692, [-156.34030626    332.57054577  -211.44257013] 
1577443886.1252644, [-252.36116723    248.41752217  -172.619241    ] 
1577443897.5742173, [1737.49173761    332.21228974    237.75790607] 
1577443897.7036815, [1661.9999477      345.82902973    262.54449818] 
1577443897.7364256, [1671.86542786    319.65135986    300.53896422] 
1577443897.8007812, [1639.00481555    281.61324107    251.3221298  ] 
1577443897.8629782, [1648.05603915    225.10968849    313.65660905] 
1577443897.8948884, [1650.95550695    207.08354035    320.20426574] 
1577443897.9271867, [1632.61840858    206.47226076    254.90696358] 
1577443897.9558625, [1586.33269364    333.00470465    344.9500277  ] 
1577443897.987002, [1633.96012562    188.78861383    257.66749249] 
1577443898.0178542, [1578.62102393    318.95358839    348.16869415] 
1577443898.078221, [1640.20851029    175.65761817    275.45970393] 
1577443898.686975, [1760.74144237    -12.64146122    141.13823158] 
1577443899.0338776, [1820.88611582  -197.17672018      29.54054154] 
1577443899.3943675, [1924.74756703  -313.22461282      80.87524656] 
1577443899.808426, [1903.04461933  -215.93013326    138.10641064] 
1577443899.9068444, [1905.90217827  -205.7018974      106.77317749] 
1577443899.998416, [1956.23287054  -488.50628482    364.27881485] 
1577443900.0615916, [1964.26661503  -510.82168903    336.17031764] 
1577443900.0950024, [1973.46080612  -591.6838675      315.08315115] 
1577443900.1595945, [1964.36242002  -557.50076681    340.20367687] 
1577443900.1939552, [1918.72449775  -542.15032353    496.61783186] 
1577443900.3220046, [1284.64414546    360.62515459  -112.47910659] 
1577443900.3537838, [1261.25700005    343.80710634    -88.37246036] 
1577443900.3858023, [1245.88353892    354.74357397    -53.4887188  ] 
1577443900.417841, [1179.99348031    338.67382013    -82.97328497] 
1577443900.770965, [1852.95136221  -529.79250606      12.10035478] 
1577443900.8036366, [1867.73955236  -544.02405082      88.53485009] 
1577443900.8358836, [1883.60838925  -617.75699577      33.93495715] 
1577443900.8681362, [1839.72631718  -537.49414354      13.82510803] 
1577443900.9300432, [  1.81734452e+03  -5.26164513e+02    3.95135581e-01] 
1577443900.9615943, [1881.1566193    -593.66782563      73.86283012] 
1577443901.0849557, [1846.45176862  -546.49341778        9.008129    ] 
1577443901.209562, [1872.4172344    -566.50220512      16.58830896] 
1577443901.2705016, [1904.82973693  -570.5398516        40.34359889] 
1577443901.3336034, [1860.27308851  -540.78922704    559.27880903] 
1577443901.4255443, [1910.74172862  -845.3759936      480.54598819] 
1577443901.5830631, [1950.35839711  -710.2302198      392.81916792] 
1577443901.679796, [1925.43297949  -503.3758637      468.14316732] 
1577443901.7422419, [1942.37411898  -684.88885871    470.38805897] 
1577443901.7739847, [1943.93413636  -759.55303249    453.65987906] 
1577443901.8064709, [1928.58365622  -491.57010446    459.99083836] 
1577443901.9339387, [1938.86887083  -711.12778844    477.62751035] 
1577443901.9664853, [1933.50914823  -645.12560312    499.17888388] 
1577443901.9975266, [1947.94087503  -618.48308007    416.77111762] 
1577443902.123406, [1928.34332929  -439.26677433      45.57434272] 
1577443902.1547797, [1937.65761858  -636.45250642    441.91043223] 
1577443902.2175715, [1920.8302846    -731.75222567    509.88323316] 
1577443902.3769155, [1920.10376011  -748.85757584    505.41377768] 
1577443902.5451539, [1928.15488623  -782.93397086    479.9489808  ] 
1577443902.642666, [1928.83775065  -754.43251532    488.31617805] 
1577443903.3049982, [1942.24726009  -835.35663102    462.06465408] 
1577443904.033012, [1945.16452147  -829.13102668    450.24202592] 
1577443908.0191355, [1935.34809573  -835.94014321    482.72193891] 
1577443909.4635334, [1939.09544907  -537.60979337    385.41302609] 
1577443910.352789, [1919.60216612  -736.49590405    492.78577863] 
1577443910.7158809, [1934.04900793  -647.29269925    433.53702038] 
1577443910.7887855, [1937.29497424  -590.98606659    408.15472672] 
1577443910.9345589, [1915.82647271  -670.47133452    511.58283784] 
1577443910.9680786, [1905.01338568  -438.91686418    487.85960889] 
1577443911.0088017, [1916.59572992  -609.5948818      511.90521281] 
1577443911.04484, [1868.5691391    -413.24864816    601.92327346] 
1577443911.082665, [1915.50480987  -598.09207076    515.45868342] 
1577443911.3196528, [1906.35386691  -564.63874094    553.66209333] 
1577443911.351914, [1934.04052308  -623.40583221    421.70817763] 
1577443911.3837934, [1912.41744148  -707.37659875    501.84166328] 
1577443912.8205197, [1971.65328919  -767.52043279    347.5086717  ] 
1577443913.1841962, [1990.7226811    -790.40891834    313.20285846] 
1577443913.5099323, [2022.92388816  -670.03292344    189.33233079] 
1577443914.1973405, [2000.74438908  -668.05011649    290.43600926] 
1577443914.356526, [1993.17084514  -721.02195126    314.5549396  ] 
1577443914.3930604, [1988.51456258  -767.7681817      326.85124177] 
1577443914.99106, [1994.2528684    -744.65063854    320.18661141] 
1577443915.3211262, [2044.63346602  -680.8798542      143.43133197] 
1577443915.6744351, [2085.83746114  -802.39327115      74.96153756] 
1577443916.2988915, [1323.15667081    389.40581937    -61.88208027] 
1577443916.3362365, [1317.40273456    394.90754564    -99.63978184] 
1577443916.3739822, [1295.20056297    303.04932994    -33.27461538] 
1577443916.4087996, [1257.28275804    253.53684488    -25.68099058] 
1577443916.4450104, [1280.89710058    225.50024251    -78.46148805] 
1577443916.4815547, [1297.81982761    238.10814071  -121.38694459] 
1577443916.5181925, [1297.19707755    241.61679692  -131.25752202] 
1577443916.5577416, [1293.16313311    155.34916699    -88.07665723] 
1577443917.1582868, [1290.21324651  -626.80342662    508.49650053] 
1577443917.2210107, [1366.54097387  -823.6497025      799.13568743] 
1577443917.2859101, [1347.08869948  -688.08651766    481.4326656  ] 
1577443917.317874, [1375.32253886  -770.89144681    673.56909766] 
1577443917.3495932, [1450.66912367  -923.07493793    480.13535509] 
1577443917.3813965, [1464.33606027  -923.73234071    471.52799589] 
1577443917.4130917, [1499.77767151  -960.8299868      510.90236365] 
1577443917.4440515, [1501.87353075  -980.19786278    490.82625953] 
1577443917.4775805, [1490.32471398  -941.0800566      535.11001179] 
1577443917.5120263, [1476.18246183  -927.69609661    524.54792985] 
1577443917.5450082, [1469.68286823  -944.39700833    521.45570407] 
1577443917.885537, [2045.00552256  -805.40036899    189.26521898] 
1577443918.4699028, [1516.2867334    -924.5159792    -109.04397438] 
1577443919.043707, [1921.08866616  -399.11624908      65.06941123] 
1577443919.37719, [1884.73342468  -197.16209314    244.71235806] 
1577443919.7128417, [1768.49203391  -151.74123742    280.62104211] 
1577443920.0649884, [1775.24376378  -160.37562624    269.26262099] 
1577443920.3995442, [1767.05543923  -142.54572064    274.07649272] 
1577443920.9547575, [1749.66804464  -113.44290674    246.86873408] 
1577443922.9685304, [1536.00951734  -789.77901415  -108.17517935] 
1577443923.001283, [1515.49731252  -808.12981734  -112.75806594] 
1577443923.0340483, [1514.33604203  -821.60852965    -77.75142629] 
1577443923.1942885, [1460.6318414    -889.76955067    -76.46218893] 
1577443923.2255056, [1453.35182718  -905.15111878    -50.17633959] 
1577443923.3188758, [1881.0062993    -310.19140839      40.13636848] 
1577443923.3499732, [1923.6675764    -417.06868076    432.88097433] 
1577443923.4776094, [1428.06974123  -947.82082711    -28.12599837] 
1577443923.5089388, [2030.41838986  -363.77035601    100.28310854] 
1577443923.5403967, [1403.17647457  -908.39939535    -21.13870285] 
1577443923.5719502, [1373.75739014  -858.73255895    -34.81165436] 
1577443923.696312, [1395.89594494  -832.60101226    -16.11617743] 
1577443923.7577517, [1394.14576033  -810.92584204      14.05794669] 
1577443923.788695, [1372.3256744    -779.94777199      11.75259311] 
1577443924.206597, [1897.8920999    -326.93255049      54.71612807] 
1577443924.3677127, [1884.42515466  -316.32747584      40.94173937] 
1577443924.4319925, [1894.79398003  -338.00853887      49.78557285] 
1577443925.1525383, [1436.51497753  -794.20406859    -36.55902925] 
1577443925.343147, [1356.54721091  -786.33040135  -161.416982    ] 
1577443925.5319915, [1873.86616207  -347.63541637      45.54385012] 
1577443925.562686, [1757.78952119  -122.53777842    189.95076818] 
1577443925.5947866, [1792.71036836  -207.39821811      98.40136167] 
1577443925.6262667, [1794.30422168  -250.41716558      86.71124368] 
1577443925.6577258, [1792.62397557  -239.77321529    106.44618395] 
1577443925.6894526, [1795.81075486  -270.64390231      82.81660921] 
1577443925.7506576, [1787.05804339  -234.15350737    118.03515494] 
1577443925.7808802, [1782.48681434  -229.37027599    143.05128127] 
1577443925.8130767, [1867.81086736  -519.18255785    214.7617263  ] 
1577443925.844191, [1773.89891901  -195.42297085    171.61466361] 
1577443926.1702242, [1783.74296246  -207.40343354    111.8286621  ] 
1577443926.4913273, [1834.79454069  -252.15357837      57.44630947] 
1577443927.3081422, [1758.66488571  -297.58886393      49.20331614] 
1577443927.6900861, [1921.88825687  -340.31112731    153.98711132] 
1577443928.0214446, [1894.79398003  -338.00853887      49.78557285] 
1577443928.3579426, [1935.24562139  -385.95227059    119.80448635] 
1577443928.693133, [1878.19198848  -367.8284929        88.58584505] 
1577443929.0248885, [1869.48427636  -361.88866798      99.14200258] 
1577443929.3770194, [1910.7212173    -341.56247314    192.89163782] 
1577443929.7303853, [1886.26671447  -363.23107319      98.10889893] 
1577443930.339407, [1878.79694496  -395.58890158    116.82670732] 
1577443930.6786785, [-541.09047695  -444.61645197  -428.8456054  ] 
1577443931.0084014, [1861.39216873  -354.72509688      86.97524836] 
1577443931.3408926, [1851.1547355    -331.21960669      45.42420442] 
1577443931.6815462, [1883.80509333  -603.63704297    609.67990104] 
1577443932.2218266, [1909.19283547  -343.15127251    120.01978992] 
1577443932.3227205, [1855.94914384  -323.39409476      54.02816613] 
1577443932.3901184, [1851.02509458  -316.18575522      36.35278328] 
1577443932.4901776, [1851.72534064  -299.44529049      47.36368086] 
1577443932.522476, [1852.14851128  -276.8888753        58.60202101] 
1577443932.5867343, [1905.80025853  -336.65031962    112.67297694] 
1577443932.6179433, [1846.45293818  -256.23531591      61.11957086] 
1577443932.8130746, [1860.51769433  -289.86839686      70.54133266] 
1577443932.8457835, [1872.66474413  -568.51076009    621.02900027] 
1577443932.8787315, [1896.56199544  -280.40477906    158.67187037] 
1577443933.0425222, [1854.44127138  -284.01289339      78.68744703] 
1577443933.075403, [1495.78428647  -803.68824204      -7.40926725] 
1577443933.1091943, [1898.1473639    -299.53685949    135.15290962] 
1577443933.1419318, [1848.73814077  -294.63967488      69.62549287] 
1577443933.2421424, [1891.41342761  -266.6507182      128.1410459  ] 
1577443933.339866, [1848.66820228  -283.60845495      80.06467673] 
1577443933.3710775, [1844.02878594  -250.93572499      73.74135531] 
1577443933.5601494, [1839.59516726  -193.89326091      98.39442161] 
1577443933.6230311, [1828.74079026  -152.45705225    100.33093585] 
1577443933.691291, [1824.97626026  -148.62827904      89.42754496] 
1577443933.7546835, [1822.37124952  -148.17907216      85.29614603] 
1577443933.8167465, [1924.23546574  -402.01261282    318.91903714] 
1577443933.9167516, [-808.90254617      42.61369405  -695.25150321] 
1577443933.97864, [1797.43848134  -226.9904459      233.59525963] 
1577443934.040963, [1758.71480123  -203.52298622    235.0804313  ] 
1577443934.0717964, [1722.67994955  -237.01350142    316.45878158] 
1577443934.1354115, [1809.60891388      39.9356886      114.37812784] 
1577443934.167641, [1745.78328591  -173.63435703    238.97210356] 
1577443934.2342207, [1750.80396403  -155.4962878      218.65287528] 
1577443934.2656522, [1737.69966313  -190.35765298    238.63419209] 
1577443934.2982438, [1743.02369511  -177.67064877    211.54607916] 
1577443934.3300388, [1750.0631484    -163.13683317    148.99644144] 
1577443934.6735065, [1749.93670145  -277.5918622      119.65905137] 
1577443935.007537, [1744.38639969  -300.59142372    175.6703543  ] 
1577443935.348827, [1756.49692482  -320.06078993    142.5112209  ] 
1577443935.9297981, [1579.14412087    110.17483738    343.42376334] 
1577443936.262031, [1482.77026998    337.85948844    412.43167157] 
1577443938.2579863, [1300.11500326    376.77116028    507.90599972] 
1577443938.2898333, [1304.98958616    366.53686386    476.12098872] 
1577443938.353446, [1316.6564685      338.56825928    491.62309287] 
1577443938.3854914, [1320.57691785    320.07052004    505.05646281] 
1577443938.419193, [1327.44090701    308.16327056    500.12576249] 
1577443938.481445, [1348.51035318    312.58598682    441.71048591] 
1577443938.549501, [1361.18217471    276.75231729    440.68995655] 
1577443938.5823905, [1370.92825002    258.57991048    439.66321259] 
1577443938.6145422, [1362.50568624    198.80417461    482.83475548] 
1577443938.647524, [1438.35558724    288.36433993    532.83448423] 
1577443938.6796284, [1384.21485217    151.94450058    457.94774184] 
1577443939.0265064, [1616.10439328      -9.48537214    506.88309177] 
1577443939.3590355, [1769.40734911  -117.51959661    134.97849331] 
1577443939.7004592, [1846.53280624  -982.28408322    274.14511401] 
1577443940.0383847, [2040.54253299  -201.64308313      92.87978382] 
1577443940.6786225, [1826.90036669  -959.88957298    318.09095481] 
1577443941.1236053, [2060.33577084  -169.11728922    104.57271892] 
1577443941.2534657, [2047.35458417  -432.65274916    164.57260071] 
1577443941.2850564, [2051.79246292  -201.73329738    129.48769825] 
1577443941.3169892, [1751.80234126  -976.81229478    265.76990071] 
1577443941.3496335, [  1781.41311013  -1009.78293163      602.37098366] 
1577443941.3827226, [1754.31385087  -949.87691889    402.78333922] 
1577443941.4161415, [1722.70983585  -874.9082744      458.76060696] 
1577443941.510933, [1753.43830647  -212.90397281      -3.7311524  ] 
1577443941.5434675, [1357.68392517  -519.11124625      40.92329273] 
1577443941.5747142, [1918.20764609      24.59970461      70.99958763] 
1577443941.6078231, [2015.09381344    -76.40810826    278.5173174  ] 
1577443941.923282, [1753.26126708    271.44186531    262.68191711] 
1577443943.1250172, [1207.14588004  -538.68576619    199.76462339] 
1577443943.2852, [1303.01391216  -442.15996257      95.8680372  ] 
1577443943.446072, [1421.71555773  -535.55685546      31.86032293] 
1577443946.4281065, [-555.31695875  -410.73646724  -494.15548184] 
1577443947.642913, [-578.52149445  -405.84585281  -495.07428383] 
1577443948.2853901, [1340.82237232  -919.3159847    -147.71208695] 
1577443948.317969, [1365.14235528  -952.20280336  -115.10956606] 
1577443948.3507006, [1331.44069257  -929.75173908  -154.70826909] 
1577443948.6421347, [1415.04177498  -960.41694606    370.89900709] 
1577443948.7045708, [  1383.67224336  -1007.20087151      630.50392837] 
1577443948.8333323, [1371.40349503  -953.76804425    524.21768391] 
1577443948.8646207, [1352.93531299  -792.99831325    428.33629794] 
1577443948.9301164, [1347.91947658  -796.57428987    344.33361658] 
1577443948.9624135, [1362.62934685  -903.08044213    461.65576209] 
1577443949.0297134, [1345.63709326  -868.64437711    494.0064173  ] 
1577443949.0610688, [1350.60208679  -903.96707029    391.88264476] 
1577443949.0932662, [1320.76106754  -768.81841924    303.92939757] 
1577443949.1251526, [1346.86912611  -794.17139819    406.53262345] 
1577443949.156662, [1322.70413515  -720.78633764    376.21074286] 
1577443949.221322, [1350.60830502  -853.53226476    424.22679519] 
1577443949.2544844, [1335.49845204  -766.92145624    351.66814546] 
1577443949.84483, [1249.75971323  -523.55245661    280.54820303] 
1577443950.1648014, [1201.27206076  -378.9716481      259.1530944  ] 
1577443951.5096648, [1317.54670777  -664.13097546    512.29576731] 
1577443951.8476827, [1440.55353985  -999.03472273    814.22893554] 
1577443952.1769571, [1190.94074347  -601.34136801      98.91397135] 
1577443952.701647, [1192.66423771  -659.39416695      96.29527449] 
1577443952.7343857, [  1472.32223031  -1004.3809401        551.88848883] 
1577443953.061855, [  1490.31093825  -1022.79520302      491.18635735] 
1577443953.0947392, [  1482.94669439  -1017.6807464        462.7244122  ] 
1577443953.1276426, [  1497.73354525  -1012.75782652      559.92355393] 
1577443953.2569568, [  1494.57572295  -1019.83118336      535.48239372] 
1577443953.3557432, [  1483.25585453  -1008.70974918      509.31366314] 
1577443953.3868213, [1472.27008539  -969.09796769    543.95738784] 
1577443953.4874768, [1456.11214856  -954.40594006    513.08243731] 
1577443953.5520859, [  1478.01646413  -1005.88003484      570.13558541] 
1577443953.616135, [1465.56335487  -991.01414889    530.65342077] 
1577443953.6803038, [1417.44858281  -898.92836862    513.06422881] 
1577443953.8754182, [1459.21566278  -964.92063271    592.38511332] 
1577443953.9087403, [1291.67549253  -709.53563945      14.94416443] 
1577443953.9413936, [1463.40913248  -986.79810603    510.45427347] 
1577443953.9755216, [1424.01963211  -929.55148085    842.09134639] 
1577443954.0403755, [1419.70657963  -882.53040511    527.86225416] 
1577443954.1048338, [  1469.86599336  -1013.86829686      517.69357977] 
1577443954.1370015, [1422.77976035  -890.97376681    518.56960505] 
1577443954.170136, [1463.54863477  -989.84611163    668.02059743] 
1577443954.740643, [1456.36875184  -946.1647137      572.75457244] 
1577443955.0854778, [  1487.76429066  -1007.19416302      527.33020985] 
1577443955.475453, [1470.98322906  -969.9790449      665.02937356] 
1577443955.988927, [  1475.88192724  -1032.7194778        689.49553725] 
1577443956.0238173, [  1456.02146669  -1037.4958035        804.14319964] 
1577443956.0872254, [  1468.82684352  -1018.63402395      707.62284303] 
1577443956.2161994, [  1474.57576012  -1021.55950348      492.56373215] 
1577443956.6182077, [1306.72698236  -811.29828108      47.22756273] 
1577443956.750083, [1268.95918702  -762.70909994    -38.28427813] 
1577443956.8811266, [1457.06006389  -996.57730276    435.51990596] 
1577443957.024323, [  1474.70715226  -1019.73507631      459.85652169] 
1577443957.059202, [1301.55038489  -814.76738429      65.01681196] 
1577443957.2244952, [  1480.24371551  -1023.42348365      517.35227082] 
1577443957.321876, [  1468.77737716  -1021.65998083      658.16244919] 
1577443957.520761, [  1451.9957257    -1003.31926663      459.73687599] 
1577443957.584296, [1450.48029573  -995.21840614    472.81665288] 
1577443957.649846, [  1463.44619962  -1029.61458265      652.65707295] 
1577443957.6818995, [  1458.617028      -1013.91811297      638.76571057] 
1577443957.8814392, [  1466.19768028  -1020.70585815      489.80956293] 
1577443957.9476528, [  1463.34108591  -1031.07412438      678.82284132] 
1577443958.0128386, [  1447.54002436  -1021.24342128      785.77616718] 
1577443958.0793061, [1410.97812414  -970.71166357    819.03999016] 
1577443958.1474385, [  1462.16418501  -1015.93356725      669.40714903] 
1577443958.1817932, [1436.48547807  -972.61654513    452.95570723] 
1577443958.249354, [1460.38772197  -994.62328246    706.12271524] 
1577443958.2835517, [  1468.8115878    -1009.0291888        484.75581943] 
1577443958.3491902, [  1481.39299871  -1019.77446157      554.07405163] 
1577443958.447593, [  1484.96952464  -1023.72121642      515.63076996] 
1577443958.5458512, [1469.75335937  -991.58100192    689.71055063] 
1577443958.9189749, [  1488.75686786  -1005.87448391      760.98068846] 
1577443959.171882, [1448.56763607  -935.26746357    803.99204568] 
1577443959.2981699, [1455.13523901  -929.31771105    481.28499713] 
1577443959.330508, [1492.74573849  -999.11063907    427.60079888] 
1577443959.3627276, [1467.85693884  -926.11268042    508.71087644] 
1577443959.3948936, [1258.26248059  -719.08357869    -75.59641645] 
1577443959.653518, [  1538.69512475  -1024.78458014      454.69129365] 
1577443959.7186613, [  1509.88233609  -1022.03261707      448.49455799] 
1577443959.9456632, [1280.17610488  -722.41905395    -48.74239596] 
1577443960.012986, [1266.1915233    -706.84578135    -98.55313046] 
1577443960.1101556, [1288.47534944  -724.36735557    -26.36390045] 
1577443960.1433501, [1298.53367539  -735.86495117    -43.34467149] 
1577443960.368557, [1291.74852152  -722.8630454      -58.03829746] 
1577443960.765036, [1326.58785484  -770.5092121      -88.43408483] 
1577443960.796635, [1826.94842361    334.07776297    123.22294932] 
1577443960.9911413, [1846.01025802    279.90893654      77.33763207] 
1577443961.0231044, [1836.15058415    320.50866867      92.70130165] 
1577443961.0556548, [1854.52821486    256.99285135      59.21343359] 
1577443961.0891314, [1853.85290794    259.77173669      62.42574034] 
1577443961.1243987, [1849.78502409    269.05157493      58.29123411] 
1577443961.190011, [1850.77972722    268.2150984        71.71838945] 
1577443961.2236662, [1854.2947995      251.41269644      55.54313439] 
1577443961.2898479, [1845.71714024    278.33141316      54.15672789] 
1577443961.3227334, [1850.26923644    268.45089395      68.27553283] 
1577443961.9000893, [1799.15795578    317.2036703      103.14728047] 
1577443962.2445424, [1865.70954557    248.77939239      85.49588545] 
1577443963.2204251, [1339.56169095  -792.639482        -75.45885243] 
1577443963.283251, [1935.51895842      66.14766024    391.16379267] 
1577443963.3155515, [1943.38788676      46.37534582    369.71045884] 
1577443963.3478127, [1799.82034807    359.76230266    171.41405542] 
1577443963.379689, [1816.15062132    318.78034856      49.78264008] 
1577443963.4116728, [1952.07395718  -235.76540415    366.94243715] 
1577443963.4449418, [1968.80414689    -74.63214246    315.70092341] 
1577443963.4767046, [1343.31423366  -806.29794543        7.17295891] 
1577443963.5418332, [1342.78945174  -796.59734509    -61.45687607] 
1577443963.5756457, [1366.06932029  -834.10986049        3.39486285] 
1577443963.608685, [1817.03049007    232.3329675      140.58867657] 
1577443963.929776, [1338.60041182  -796.17052243    -62.83396068] 
1577443964.2834587, [1798.52290998    147.67719853    228.29641777] 
1577443964.6146357, [1801.33856007    186.15981839    159.08229478] 
1577443965.2106364, [1954.59113237  -122.24244908    357.60599568] 
1577443965.8270848, [1522.75768864  -959.1748799      498.96572402] 
1577443966.1598423, [1309.21052661  -439.0224201      -72.71554403] 
1577443966.497443, [1842.74660161      72.15785693    163.36751968] 
1577443967.6145113, [1513.13235747  -968.16220079    518.24903154] 
1577443967.969454, [  1517.3797233    -1008.46436789      402.47066108] 
1577443968.3027403, [1246.0988832    -609.16403214    -50.61772279] 
1577443968.6525583, [1485.59000807  -952.90820007    546.01665507] 
1577443969.036743, [1449.59964033  -925.76933408    581.46929324] 
1577443969.3848655, [1248.13693194  -679.83651488      67.72495209] 
1577443969.7210116, [1443.59315588  -930.94505055    579.17622375] 
1577443970.1209316, [1469.19109838  -975.07666823    499.89190135] 
1577443970.5054147, [1432.62287646  -847.78702157    458.53426479] 
1577443970.8560395, [1386.17502394  -757.02041717    513.70319944] 
1577443971.2203968, [1378.59567371  -824.4143142      484.46399416] 
1577443971.5853465, [1342.34334557  -728.89881599    543.30308291] 
1577443971.9459038, [1409.74354326  -826.53193608    527.61306051] 
1577443972.2901547, [  1506.19276423  -1031.81131055      679.96879569] 
1577443972.634135, [1489.47933728  -986.33291736    670.31337673] 
1577443972.9825788, [1508.54323136  -860.4380274      519.35813361] 
1577443973.407631, [1586.3174046    -801.98468015    344.89874077] 
1577443973.7665381, [1574.95868881  -527.65799837    490.8899462  ] 
1577443974.1220016, [  989.39521918  -244.01263361  -175.48139775] 
1577443974.4873424, [1011.40732702  -332.33611595  -186.12331089] 
1577443974.8361824, [  976.55648459  -440.72676824  -220.16648563] 
1577443975.4518971, [  737.24179862  -323.19085965    -96.6017237  ] 
1577443975.8064106, [  639.831197      -539.03335233    -88.48665466] 
1577443976.165457, [  968.46784843    382.18393092  -233.42962075] 
1577443976.830699, [  595.46968805  -261.38785446  -107.74931473] 
1577443977.2002878, [  852.56254608  -563.46254719  -176.39337712] 
1577443977.561228, [  999.77084442  -488.65871435  -228.18348731] 
1577443977.9271288, [  920.1656559    -344.03161491  -204.13233716] 
1577443978.3718865, [  918.79632115  -307.55838877  -179.58677755] 
1577443978.4144976, [  873.08749582  -281.03669518  -170.41348395] 
1577443978.4727051, [  904.71377142  -298.1770603    -170.6382545  ] 
1577443978.510375, [  896.46812472  -730.36818426    456.56504561] 
1577443978.5453014, [  971.92328649  -357.61923275  -194.14565661] 
1577443978.585905, [  873.66658581  -273.14924602  -156.64516476] 
1577443978.6183598, [  905.85590905  -289.79563582  -166.50996287] 
1577443978.6507335, [  893.74560105  -777.22095262    571.34182068] 
1577443978.684796, [  941.83737999  -329.06037804  -192.77745862] 
1577443978.7178612, [  964.43654727  -342.20332706  -199.08553373] 
1577443978.7500436, [  934.60143778  -319.82530825  -191.40333621] 
1577443979.0617146, [  946.42465141  -326.45013559  -194.38523819] 
1577443979.4296944, [  918.87381716  -287.30926782  -178.44645741] 
1577443979.7714212, [1046.71041073  -619.03508086    473.5028101  ] 
1577443980.1254847, [1277.08884818  -666.62204927    409.93270337] 
1577443980.5957706, [1301.53569002  -549.04109562    450.85862915] 
1577443981.0551658, [1519.78787041  -966.1302551      523.87123636] 
1577443981.4110725, [  1555.54925257  -1020.29992666      401.44037454] 
1577443982.0324147, [1492.69441744  -891.8021801      377.64172754] 
1577443982.3758562, [  1632.38317146  -1015.5875703        358.40032617] 
1577443982.7875292, [1640.73174168  -942.34439811    230.53119992] 
1577443984.4247987, [1946.96842428  -852.09255132      29.0816491  ] 
1577443984.761521, [1775.39260576  -897.31558311    314.16893504] 
1577443985.0936692, [1674.55556226  -901.05529962    582.48323307] 
1577443985.424923, [1665.52938128  -952.22509145    576.64926725] 
1577443986.487082, [  1533.02583008  -1003.76613532      450.66740141] 
1577443986.8306656, [1605.67084584      18.77456917    225.71184085] 
1577443987.6195548, [1362.01277388    185.40288444    -53.54781456] 
1577443987.684656, [1329.97304829    264.13819716  -115.77449693] 
1577443987.749463, [1296.47502007    258.08797365    -61.60419547] 
1577443987.7812712, [1287.48576552    236.26722213  -124.9433774  ] 
1577443987.8137398, [1285.7533745      282.19414483  -113.13953812] 
1577443987.8456643, [1251.05618479    233.45619908  -124.13742614] 
1577443987.8788307, [1256.88802898    284.21633703  -106.2533896  ] 
1577443987.9421122, [1239.27570388    283.85212897  -125.30260467] 
1577443987.9761422, [1233.70262613    294.20423929  -146.30712286] 
1577443988.0081577, [1238.10594855    294.26028371  -102.12480778] 
1577443988.0412498, [1538.03761141  -997.75394232    439.53331556] 
1577443988.3563013, [  1550.85686745  -1024.36971084      429.21392249] 
1577443988.6686537, [1489.47246294  -873.42225476    416.99788678] 
1577443988.9913254, [1415.8195441    -615.89088878    -79.65710064] 
1577443989.3239698, [1256.29873389  -498.67309451  -172.53280224] 
1577443989.6720672, [1510.39635636  -681.01538375    -94.32717406] 
1577443990.0066414, [1477.03992929  -999.80624011    359.89345355] 
1577443990.3517113, [1527.67200707  -798.02528819    -52.28381231] 
1577443990.7685158, [1475.69821225  -982.12259318    357.13292464] 
1577443991.1993592, [1459.13438294  -874.55527707    275.38602519] 
1577443991.5502443, [1489.95451213  -926.89395765    489.77480228] 
1577443991.9105587, [1558.68889642  -765.95459396        2.55847932] 
1577443992.285007, [1432.72984486  -956.66189569    432.86717392] 
1577443992.8515196, [1383.79191945  -907.02787437    448.80313759] 
1577443993.5574996, [1404.58796039  -627.7016957        44.0587305  ] 
1577443994.0300689, [1389.72265912  -905.24300021    408.17725532] 
1577443994.3883083, [1392.35394828  -905.32732166    405.76721216] 
1577443994.76199, [1389.94851697  -930.94318618    400.26805051] 
1577443995.10256, [1381.1018552    -958.10812932    431.95191451] 
1577443995.4568937, [1390.60644224  -921.96108072    394.41204343] 
1577443995.839661, [1386.82411867  -942.38405999    401.87893738] 
1577443996.2070446, [1390.58988447  -838.17460336    349.74037275] 
1577443996.5523665, [1407.28510592  -943.91749231    398.78006173] 
1577443996.9087327, [1392.98020078  -875.1194206      332.08052639] 
1577443997.7855585, [1553.0849427    -969.8876731      334.40263755] 
1577443997.9633322, [1527.86200653  -980.40723931    197.26955334] 
1577443998.0073617, [1564.21457766  -851.77823881    489.17070974] 
1577443998.186632, [  1565.42847124  -1019.78962768      325.92778852] 
1577443998.329368, [1502.20127111  -929.97680408    319.58654878] 
1577443998.3950357, [1496.70531466  -880.36113854    478.16704241] 
1577443998.42739, [1464.71326698  -870.48532514    349.74867899] 
1577443998.467182, [1258.52516139  -588.24202988  -183.28814648] 
1577443998.5058935, [1251.65227545  -588.46065664  -169.17230374] 
1577443998.5455096, [1616.88631469  -631.64597407    -46.15052844] 
1577443998.5786886, [1619.11937236  -634.76736063    -45.57570742] 
1577443998.60876, [1618.47034388  -631.62358985    -48.90484276] 
1577443998.9572916, [1474.40880789  -764.35096398      99.30418685] 
1577443999.347289, [1358.72751495  -788.30546386    387.82413696] 
1577443999.665, [1407.6788704    -974.45695409    321.67241551] 
